序号,传输方向,时间标识,帧ID,帧格式,帧类型,数据长度,数据(HEX)
0,接收,14:56:11.020.0,0x00000001,数据帧,扩展帧,0x02,66 66 
1,接收,14:56:11.020.0,0x18140100,数据帧,扩展帧,0x02,00 01 
2,接收,14:56:11.020.0,0x1c060100,数据帧,扩展帧,0x01,0
3,接收,14:56:11.254.0,0x18140100,数据帧,扩展帧,0x02,00 01 
4,接收,14:56:11.254.0,0x18140100,数据帧,扩展帧,0x02,aa 01 
5,接收,14:56:11.254.0,0x1c060100,数据帧,扩展帧,0x01,aa 
6,接收,14:56:11.504.0,0x18140100,数据帧,扩展帧,0x02,aa 01 
7,接收,14:56:11.504.0,0x18140200,数据帧,扩展帧,0x02,00 02 
8,接收,14:56:11.504.0,0x1c060200,数据帧,扩展帧,0x01,0
9,接收,14:56:11.753.0,0x18140200,数据帧,扩展帧,0x02,00 02 
10,接收,14:56:11.753.0,0x18140200,数据帧,扩展帧,0x02,aa 02 
11,接收,14:56:11.753.0,0x1c060200,数据帧,扩展帧,0x01,aa 
12,接收,14:56:12.003.0,0x18140200,数据帧,扩展帧,0x02,aa 02 
13,接收,14:56:21.486.0,0x18130100,数据帧,扩展帧,0x08,01 f4 22 00 0a b2 01 00 
14,接收,14:56:21.845.0,0x18130100,数据帧,扩展帧,0x08,01 f4 22 00 0a b2 01 00 
15,接收,14:56:21.861.0,0x10040100,数据帧,扩展帧,0x01,aa 
16,接收,14:56:21.861.0,0x10040200,数据帧,扩展帧,0x01,aa 
17,接收,14:56:22.110.0,0x10040100,数据帧,扩展帧,0x01,aa 
18,接收,14:56:22.110.0,0x10040200,数据帧,扩展帧,0x01,aa 
19,接收,14:56:22.360.0,0x10040100,数据帧,扩展帧,0x01,aa 
20,接收,14:56:22.360.0,0x10040200,数据帧,扩展帧,0x01,aa 
21,接收,14:56:22.609.0,0x10040100,数据帧,扩展帧,0x01,aa 
22,接收,14:56:22.609.0,0x10040200,数据帧,扩展帧,0x01,aa 
23,接收,14:56:22.859.0,0x10040100,数据帧,扩展帧,0x01,aa 
24,接收,14:56:22.859.0,0x10040200,数据帧,扩展帧,0x01,aa 
25,接收,14:56:23.109.0,0x10040100,数据帧,扩展帧,0x01,aa 
26,接收,14:56:23.109.0,0x10040200,数据帧,扩展帧,0x01,aa 
27,接收,14:56:23.358.0,0x10040100,数据帧,扩展帧,0x01,aa 
28,接收,14:56:23.358.0,0x10040200,数据帧,扩展帧,0x01,aa 
29,接收,14:56:23.608.0,0x10040100,数据帧,扩展帧,0x01,aa 
30,接收,14:56:23.608.0,0x10040200,数据帧,扩展帧,0x01,aa 
31,接收,14:56:23.748.0,0x10160100,数据帧,扩展帧,0x02,aa 01 
32,接收,14:56:24.060.0,0x10160100,数据帧,扩展帧,0x02,aa 01 
33,接收,14:56:24.559.0,0x1c010200,数据帧,扩展帧,0x08,1f 52 00 0a 0f 3d 00 00 
34,接收,14:56:24.559.0,0x1c010100,数据帧,扩展帧,0x08,1f 54 00 00 0e 9b 00 00 
35,接收,14:56:25.573.0,0x1c010200,数据帧,扩展帧,0x08,3c 5a 00 28 0f 14 00 00 
36,接收,14:56:25.573.0,0x1c010100,数据帧,扩展帧,0x08,38 ef 00 00 0e e6 00 00 
37,接收,14:56:26.572.0,0x1c010200,数据帧,扩展帧,0x08,3c 38 00 00 0f 48 00 00 
38,接收,14:56:26.572.0,0x1c010100,数据帧,扩展帧,0x08,3a 84 00 00 0e bc 00 00 
39,接收,14:56:27.570.0,0x1c010200,数据帧,扩展帧,0x08,3b ec 00 00 0f b7 00 00 
40,接收,14:56:27.570.0,0x1c010100,数据帧,扩展帧,0x08,3a 7d 00 00 0e ba 00 00 
41,接收,14:56:28.569.0,0x1c010200,数据帧,扩展帧,0x08,39 15 00 00 0f 8b 00 00 
42,接收,14:56:28.569.0,0x1c010100,数据帧,扩展帧,0x08,3a 7e 00 00 0e b8 00 00 
43,接收,14:56:29.567.0,0x1c010100,数据帧,扩展帧,0x08,3a 84 00 00 0e bc 00 00 
44,接收,14:56:29.567.0,0x1c010200,数据帧,扩展帧,0x08,38 d6 00 00 0f 60 00 00 
45,接收,14:56:30.581.0,0x1c010100,数据帧,扩展帧,0x08,3a 84 00 00 0e bc 00 00 
46,接收,14:56:30.581.0,0x1c010200,数据帧,扩展帧,0x08,3c 20 00 00 0f 4e 00 00 
47,接收,14:56:31.579.0,0x1c010100,数据帧,扩展帧,0x08,3a 86 00 00 0e ba 00 00 
48,接收,14:56:31.579.0,0x1c010200,数据帧,扩展帧,0x08,3c 14 00 00 0f 40 00 00 
49,接收,14:56:32.578.0,0x1c010100,数据帧,扩展帧,0x08,3a 8c 00 00 0e b4 00 00 
50,接收,14:56:32.578.0,0x1c010200,数据帧,扩展帧,0x08,39 d4 00 00 0f 98 00 00 
51,接收,14:56:33.576.0,0x1c010100,数据帧,扩展帧,0x08,3a 7d 00 00 0e ba 00 00 
52,接收,14:56:33.576.0,0x1c010200,数据帧,扩展帧,0x08,3b b4 00 00 0f 73 00 00 
53,接收,14:56:34.575.0,0x1c010100,数据帧,扩展帧,0x08,3a 84 00 00 0e bc 00 00 
54,接收,14:56:34.575.0,0x1c010200,数据帧,扩展帧,0x08,38 3c 00 28 0e f9 00 00 
55,接收,14:56:35.573.0,0x1c010100,数据帧,扩展帧,0x08,3a 7d 00 00 0e ba 00 00 
56,接收,14:56:35.573.0,0x1c010200,数据帧,扩展帧,0x08,3b 03 00 28 0f 23 00 00 
57,接收,14:56:36.572.0,0x1c010100,数据帧,扩展帧,0x08,3a 84 00 00 0e bc 00 00 
58,接收,14:56:36.572.0,0x1c010200,数据帧,扩展帧,0x08,3b 44 00 28 0f 29 00 00 
59,接收,14:56:37.570.0,0x1c010100,数据帧,扩展帧,0x08,3a 7d 00 00 0e ba 00 00 
60,接收,14:56:37.570.0,0x1c010200,数据帧,扩展帧,0x08,3b 33 00 00 0f d1 00 00 
61,接收,14:56:38.584.0,0x1c010100,数据帧,扩展帧,0x08,3a 86 00 00 0e ba 00 00 
62,接收,14:56:38.584.0,0x1c010200,数据帧,扩展帧,0x08,38 18 00 00 0f 40 00 00 
63,接收,14:56:39.582.0,0x1c010100,数据帧,扩展帧,0x08,3a 84 00 00 0e bc 00 00 
64,接收,14:56:39.582.0,0x1c010200,数据帧,扩展帧,0x08,3a d5 00 28 0e f9 00 00 
65,接收,14:56:40.581.0,0x1c010100,数据帧,扩展帧,0x08,3a 86 00 00 0e ba 00 00 
66,接收,14:56:40.581.0,0x1c010200,数据帧,扩展帧,0x08,38 16 00 00 0f 5d 00 00 
67,接收,14:56:41.583.0,0x1c010100,数据帧,扩展帧,0x08,3a 86 00 00 0e ba 00 00 
68,接收,14:56:41.583.0,0x1c010200,数据帧,扩展帧,0x08,39 08 00 00 0f 51 00 00 
69,接收,14:56:42.582.0,0x1c010100,数据帧,扩展帧,0x08,3a 91 00 00 0e af 00 00 
70,接收,14:56:42.582.0,0x1c010200,数据帧,扩展帧,0x08,3a a5 00 28 0f 20 00 00 
71,接收,14:56:43.583.0,0x1c010100,数据帧,扩展帧,0x08,3a 84 00 00 0e bc 00 00 
72,接收,14:56:43.583.0,0x1c010200,数据帧,扩展帧,0x08,39 5c 00 28 0f 21 00 00 
73,接收,14:56:44.582.0,0x1c010100,数据帧,扩展帧,0x08,3a 82 00 00 0e b5 00 00 
74,接收,14:56:44.582.0,0x1c010200,数据帧,扩展帧,0x08,3b d1 00 00 0f 8b 00 00 
75,接收,14:56:45.580.0,0x1c010100,数据帧,扩展帧,0x08,3a 86 00 00 0e ba 00 00 
76,接收,14:56:45.580.0,0x1c010200,数据帧,扩展帧,0x08,3a 71 00 28 0e f2 00 00 
77,接收,14:56:46.578.0,0x1c010100,数据帧,扩展帧,0x08,3a 7b 00 00 0e bc 00 00 
78,接收,14:56:46.578.0,0x1c010200,数据帧,扩展帧,0x08,3b d1 00 00 0f 8b 00 00 
79,接收,14:56:47.586.0,0x1c010100,数据帧,扩展帧,0x08,3a 69 00 00 0e bc 00 00 
80,接收,14:56:47.586.0,0x1c010200,数据帧,扩展帧,0x08,38 7d 00 00 0f 4e 00 00 
81,接收,14:56:48.584.0,0x1c010100,数据帧,扩展帧,0x08,3a 84 00 00 0e bc 00 00 
82,接收,14:56:48.584.0,0x1c010200,数据帧,扩展帧,0x08,38 e5 00 00 0f 6b 00 00 
83,接收,14:56:49.582.0,0x1c010100,数据帧,扩展帧,0x08,3a 84 00 00 0e bc 00 00 
84,接收,14:56:49.582.0,0x1c010200,数据帧,扩展帧,0x08,3c 37 00 00 0f 98 00 00 
85,接收,14:56:50.581.0,0x1c010100,数据帧,扩展帧,0x08,3a 84 00 00 0e bc 00 00 
86,接收,14:56:50.581.0,0x1c010200,数据帧,扩展帧,0x08,38 e5 00 00 0f 48 00 00 
87,接收,14:56:51.579.0,0x1c010100,数据帧,扩展帧,0x08,3a 84 00 00 0e bc 00 00 
88,接收,14:56:51.595.0,0x1c010200,数据帧,扩展帧,0x08,3c 3f 00 00 0f 38 00 00 
89,接收,14:56:52.578.0,0x1c010100,数据帧,扩展帧,0x08,3a 89 00 00 0e b7 00 00 
90,接收,14:56:52.593.0,0x1c010200,数据帧,扩展帧,0x08,3b 41 00 28 0f 23 00 00 
91,接收,14:56:53.576.0,0x1c010100,数据帧,扩展帧,0x08,3a 7d 00 00 0e ba 00 00 
92,接收,14:56:53.592.0,0x1c010200,数据帧,扩展帧,0x08,39 d3 00 00 0f a2 00 00 
93,接收,14:56:54.574.0,0x1c010100,数据帧,扩展帧,0x08,3a 81 00 00 0e ad 00 00 
94,接收,14:56:54.590.0,0x1c010200,数据帧,扩展帧,0x08,38 d0 00 28 0f 04 00 00 
95,接收,14:56:55.588.0,0x1c010100,数据帧,扩展帧,0x08,3a 7a 00 00 0e bd 00 00 
96,接收,14:56:55.588.0,0x1c010200,数据帧,扩展帧,0x08,38 c8 00 00 0f 65 00 00 
97,接收,14:56:56.587.0,0x1c010100,数据帧,扩展帧,0x08,3a 97 00 00 0e a8 00 00 
98,接收,14:56:56.602.0,0x1c010200,数据帧,扩展帧,0x08,3a dd 00 00 0f d7 00 00 
99,接收,14:56:57.585.0,0x1c010100,数据帧,扩展帧,0x08,3a 84 00 00 0e bc 00 00 
100,接收,14:56:57.601.0,0x1c010200,数据帧,扩展帧,0x08,3a 69 00 00 0f bd 00 00 
101,接收,14:56:58.584.0,0x1c010100,数据帧,扩展帧,0x08,3a 86 00 00 0e ba 00 00 
102,接收,14:56:58.599.0,0x1c010200,数据帧,扩展帧,0x08,3b 04 00 00 0f b9 00 00 
103,接收,14:56:59.582.0,0x1c010100,数据帧,扩展帧,0x08,3a 7b 00 00 0e bc 00 00 
104,接收,14:56:59.598.0,0x1c010200,数据帧,扩展帧,0x08,38 d5 00 00 0f 6a 00 00 
105,接收,14:57:00.580.0,0x1c010100,数据帧,扩展帧,0x08,3a 84 00 00 0e bc 00 00 
106,接收,14:57:00.596.0,0x1c010200,数据帧,扩展帧,0x08,3b 8e 00 00 0f c5 00 00 
107,接收,14:57:01.579.0,0x1c010100,数据帧,扩展帧,0x08,3a 8c 00 00 0e b4 00 00 
108,接收,14:57:01.594.0,0x1c010200,数据帧,扩展帧,0x08,39 af 00 28 0f 0c 00 00 
109,接收,14:57:02.577.0,0x1c010100,数据帧,扩展帧,0x08,3a 7d 00 00 0e ba 00 00 
110,接收,14:57:02.608.0,0x1c010200,数据帧,扩展帧,0x08,38 84 00 28 0f 3e 00 00 
111,接收,14:57:03.576.0,0x1c010100,数据帧,扩展帧,0x08,3a 84 00 00 0e bc 00 00 
112,接收,14:57:03.607.0,0x1c010200,数据帧,扩展帧,0x08,3a ff 00 28 0f 1e 00 00 
113,接收,14:57:04.590.0,0x1c010100,数据帧,扩展帧,0x08,3a 8d 00 00 0e bc 00 00 
114,接收,14:57:04.605.0,0x1c010200,数据帧,扩展帧,0x08,38 70 00 00 0f 5b 00 00 
115,接收,14:57:05.588.0,0x1c010100,数据帧,扩展帧,0x08,3a 8e 00 00 0e ba 00 00 
116,接收,14:57:05.604.0,0x1c010200,数据帧,扩展帧,0x08,39 45 00 00 0f 7f 00 00 
117,接收,14:57:06.586.0,0x1c010100,数据帧,扩展帧,0x08,3a 7b 00 00 0e bc 00 00 
118,接收,14:57:06.602.0,0x1c010200,数据帧,扩展帧,0x08,39 2b 00 00 0f 87 00 00 
119,接收,14:57:07.585.0,0x1c010100,数据帧,扩展帧,0x08,3a 7b 00 00 0e bc 00 00 
120,接收,14:57:07.616.0,0x1c010200,数据帧,扩展帧,0x08,38 67 00 00 0f 5b 00 00 
121,接收,14:57:08.583.0,0x1c010100,数据帧,扩展帧,0x08,3a 86 00 00 0e ba 00 00 
122,接收,14:57:08.614.0,0x1c010200,数据帧,扩展帧,0x08,38 68 00 00 0f 40 00 00 
123,接收,14:57:09.582.0,0x1c010100,数据帧,扩展帧,0x08,3a 82 00 00 0e bd 00 00 
124,接收,14:57:09.613.0,0x1c010200,数据帧,扩展帧,0x08,3b c6 00 28 0f 23 00 00 
125,接收,14:57:10.580.0,0x1c010100,数据帧,扩展帧,0x08,3a 84 00 00 0e bc 00 00 
126,接收,14:57:10.611.0,0x1c010200,数据帧,扩展帧,0x08,3b 40 00 28 0e ef 00 00 
127,接收,14:57:11.578.0,0x1c010100,数据帧,扩展帧,0x08,3a 96 00 00 0e aa 00 00 
128,接收,14:57:11.610.0,0x1c010200,数据帧,扩展帧,0x08,38 d7 00 00 0f 82 00 00 
129,接收,14:57:12.577.0,0x1c010100,数据帧,扩展帧,0x08,3a 86 00 00 0e ba 00 00 
130,接收,14:57:12.624.0,0x1c010200,数据帧,扩展帧,0x08,39 e7 00 28 0f 09 00 00 
131,接收,14:57:13.591.0,0x1c010100,数据帧,扩展帧,0x08,3a 84 00 00 0e bc 00 00 
132,接收,14:57:13.622.0,0x1c010200,数据帧,扩展帧,0x08,3c 11 00 00 0f 39 00 00 
133,接收,14:57:14.589.0,0x1c010100,数据帧,扩展帧,0x08,3a 82 00 00 0e b5 00 00 
134,接收,14:57:14.623.0,0x1c010200,数据帧,扩展帧,0x08,3b c7 00 28 0f 2b 00 00 
135,接收,14:57:15.591.0,0x1c010100,数据帧,扩展帧,0x08,3a 81 00 00 0e bf 00 00 
136,接收,14:57:15.622.0,0x1c010200,数据帧,扩展帧,0x08,3b e9 00 28 0f 2c 00 00 
137,接收,14:57:16.589.0,0x1c010100,数据帧,扩展帧,0x08,3a 84 00 00 0e bc 00 00 
138,接收,14:57:16.620.0,0x1c010200,数据帧,扩展帧,0x08,39 66 00 00 0f 8a 00 00 
139,接收,14:57:17.587.0,0x1c010100,数据帧,扩展帧,0x08,3a 84 00 00 0e bc 00 00 
140,接收,14:57:17.619.0,0x1c010200,数据帧,扩展帧,0x08,3a cd 00 00 0f d6 00 00 
141,接收,14:57:18.586.0,0x1c010100,数据帧,扩展帧,0x08,3a 7e 00 00 0e b8 00 00 
142,接收,14:57:18.617.0,0x1c010200,数据帧,扩展帧,0x08,3a 11 00 28 0e f1 00 00 
143,接收,14:57:19.584.0,0x1c010100,数据帧,扩展帧,0x08,3a 84 00 00 0e bc 00 00 
144,接收,14:57:19.631.0,0x1c010200,数据帧,扩展帧,0x08,38 1f 00 28 0f 39 00 00 
145,接收,14:57:20.583.0,0x1c010100,数据帧,扩展帧,0x08,3a 86 00 00 0e ba 00 00 
146,接收,14:57:20.629.0,0x1c010200,数据帧,扩展帧,0x08,3c 08 00 00 0f 80 00 00 
147,接收,14:57:21.583.0,0x1c010100,数据帧,扩展帧,0x08,3a 84 00 00 0e bc 00 00 
148,接收,14:57:21.630.0,0x1c010200,数据帧,扩展帧,0x08,38 8f 00 00 0f 4e 00 00 
149,接收,14:57:22.581.0,0x1c010100,数据帧,扩展帧,0x08,3a 8b 00 00 0e ac 00 00 
150,接收,14:57:22.628.0,0x1c010200,数据帧,扩展帧,0x08,3a 19 00 00 0f 9a 00 00 
151,接收,14:57:23.580.0,0x1c010100,数据帧,扩展帧,0x08,3a 7b 00 00 0e bc 00 00 
152,接收,14:57:23.627.0,0x1c010200,数据帧,扩展帧,0x08,3b b8 00 00 0f 9c 00 00 
153,接收,14:57:24.594.0,0x1c010100,数据帧,扩展帧,0x08,3a 7e 00 00 0e b0 00 00 
154,接收,14:57:24.625.0,0x1c010200,数据帧,扩展帧,0x08,3c 49 00 00 0f 87 00 00 
155,接收,14:57:25.592.0,0x1c010100,数据帧,扩展帧,0x08,3a 7b 00 00 0e bc 00 00 
156,接收,14:57:25.639.0,0x1c010200,数据帧,扩展帧,0x08,3b 82 00 00 0f a5 00 00 
157,接收,14:57:26.591.0,0x1c010100,数据帧,扩展帧,0x08,3a 84 00 00 0e bc 00 00 
158,接收,14:57:26.637.0,0x1c010200,数据帧,扩展帧,0x08,39 cc 00 28 0f 01 00 00 
159,接收,14:57:27.589.0,0x1c010100,数据帧,扩展帧,0x08,3a 84 00 00 0e bc 00 00 
160,接收,14:57:27.636.0,0x1c010200,数据帧,扩展帧,0x08,38 8c 00 28 0f 2e 00 00 
161,接收,14:57:28.587.0,0x1c010100,数据帧,扩展帧,0x08,3a 8d 00 00 0e bc 00 00 
162,接收,14:57:28.634.0,0x1c010200,数据帧,扩展帧,0x08,39 83 00 00 0f 90 00 00 
163,接收,14:57:29.586.0,0x1c010100,数据帧,扩展帧,0x08,3a 7b 00 00 0e bc 00 00 
164,接收,14:57:29.633.0,0x1c010200,数据帧,扩展帧,0x08,38 a3 00 00 0f 78 00 00 
165,接收,14:57:30.584.0,0x1c010100,数据帧,扩展帧,0x08,3a 84 00 00 0e bc 00 00 
166,接收,14:57:30.647.0,0x1c010200,数据帧,扩展帧,0x08,38 b6 00 00 0f 65 00 00 
167,接收,14:57:31.583.0,0x1c010100,数据帧,扩展帧,0x08,3a 84 00 00 0e bc 00 00 
168,接收,14:57:31.645.0,0x1c010200,数据帧,扩展帧,0x08,39 0d 00 28 0f 06 00 00 
169,接收,14:57:32.581.0,0x1c010100,数据帧,扩展帧,0x08,3a 87 00 00 0e b8 00 00 
170,接收,14:57:32.643.0,0x1c010200,数据帧,扩展帧,0x08,3b 7f 00 28 0f 1b 00 00 
171,接收,14:57:33.579.0,0x1c010100,数据帧,扩展帧,0x08,3a 7b 00 00 0e bc 00 00 
172,接收,14:57:33.642.0,0x1c010200,数据帧,扩展帧,0x08,39 65 00 28 0f 29 00 00 
173,接收,14:57:34.593.0,0x1c010100,数据帧,扩展帧,0x08,3a 84 00 00 0e bc 00 00 
174,接收,14:57:34.640.0,0x1c010200,数据帧,扩展帧,0x08,38 da 00 00 0f 65 00 00 
175,接收,14:57:35.592.0,0x1c010100,数据帧,扩展帧,0x08,3a 86 00 00 0e ba 00 00 
176,接收,14:57:35.639.0,0x1c010200,数据帧,扩展帧,0x08,3a 4f 00 28 0f 26 00 00 
177,接收,14:57:36.590.0,0x1c010100,数据帧,扩展帧,0x08,3a dd 00 00 0e b2 00 00 
178,接收,14:57:36.653.0,0x1c010200,数据帧,扩展帧,0x08,38 e6 00 28 0f 1b 00 00 
179,接收,14:57:37.589.0,0x1c010100,数据帧,扩展帧,0x08,3a e1 00 00 0e b7 00 00 
180,接收,14:57:37.651.0,0x1c010200,数据帧,扩展帧,0x08,3a 10 00 00 0f 9a 00 00 
181,接收,14:57:38.587.0,0x1c010100,数据帧,扩展帧,0x08,3a cd 00 00 0e ba 00 00 
182,接收,14:57:38.649.0,0x1c010200,数据帧,扩展帧,0x08,39 f1 00 00 0f 95 00 00 
183,接收,14:57:39.585.0,0x1c010100,数据帧,扩展帧,0x08,3a d5 00 00 0e ba 00 00 
184,接收,14:57:39.648.0,0x1c010200,数据帧,扩展帧,0x08,3b fb 00 00 0f 34 00 00 
185,接收,14:57:40.584.0,0x1c010100,数据帧,扩展帧,0x08,3a 2b 00 00 0e bc 00 00 
186,接收,14:57:40.646.0,0x1c010200,数据帧,扩展帧,0x08,3b 21 00 28 0f 20 00 00 
187,接收,14:57:41.582.0,0x1c010100,数据帧,扩展帧,0x08,3a 2d 00 00 0e ba 00 00 
188,接收,14:57:41.660.0,0x1c010200,数据帧,扩展帧,0x08,39 0b 00 00 0f 72 00 00 
189,接收,14:57:42.581.0,0x1c010100,数据帧,扩展帧,0x08,3a 86 00 00 0e ba 00 00 
190,接收,14:57:42.659.0,0x1c010200,数据帧,扩展帧,0x08,3b f6 00 00 0f 43 00 00 
191,接收,14:57:43.595.0,0x1c010100,数据帧,扩展帧,0x08,3a 82 00 00 0e b5 00 00 
192,接收,14:57:43.657.0,0x1c010200,数据帧,扩展帧,0x08,38 a8 00 00 0f 50 00 00 
193,接收,14:57:44.596.0,0x1c010100,数据帧,扩展帧,0x08,3a 8f 00 00 0e b0 00 00 
194,接收,14:57:44.658.0,0x1c010200,数据帧,扩展帧,0x08,38 ae 00 00 0f 65 00 00 
195,接收,14:57:45.594.0,0x1c010100,数据帧,扩展帧,0x08,3a 78 00 00 0e bf 00 00 
196,接收,14:57:45.657.0,0x1c010200,数据帧,扩展帧,0x08,39 8e 00 00 0f 62 00 00 
197,接收,14:57:46.593.0,0x1c010100,数据帧,扩展帧,0x08,3a 96 00 00 0e aa 00 00 
198,接收,14:57:46.655.0,0x1c010200,数据帧,扩展帧,0x08,3b d2 00 28 0f 31 00 00 
199,接收,14:57:47.591.0,0x1c010100,数据帧,扩展帧,0x08,3a 84 00 00 0e bc 00 00 
200,接收,14:57:47.669.0,0x1c010200,数据帧,扩展帧,0x08,38 e5 00 28 0f 13 00 00 
201,接收,14:57:48.592.0,0x1c010100,数据帧,扩展帧,0x08,3a 7b 00 00 0e bc 00 00 
202,接收,14:57:48.670.0,0x1c010200,数据帧,扩展帧,0x08,3c 3a 00 00 0f 3d 00 00 
203,接收,14:57:49.590.0,0x1c010100,数据帧,扩展帧,0x08,3a 7b 00 00 0e bc 00 00 
204,接收,14:57:49.668.0,0x1c010200,数据帧,扩展帧,0x08,3c 48 00 00 0f 6d 00 00 
205,接收,14:57:50.589.0,0x1c010100,数据帧,扩展帧,0x08,3a 7d 00 00 0e ba 00 00 
206,接收,14:57:50.667.0,0x1c010200,数据帧,扩展帧,0x08,39 b4 00 00 0f 8b 00 00 
207,接收,14:57:51.589.0,0x1c010100,数据帧,扩展帧,0x08,3a 8a 00 00 0e b5 00 00 
208,接收,14:57:51.667.0,0x1c010200,数据帧,扩展帧,0x08,38 8d 00 00 0f 73 00 00 
209,接收,14:57:52.587.0,0x1c010100,数据帧,扩展帧,0x08,3a 84 00 00 0e bc 00 00 
210,接收,14:57:52.665.0,0x1c010200,数据帧,扩展帧,0x08,3a 90 00 28 0f 23 00 00 
211,接收,14:57:53.586.0,0x1c010100,数据帧,扩展帧,0x08,3a 80 00 00 0e b7 00 00 
212,接收,14:57:53.664.0,0x1c010200,数据帧,扩展帧,0x08,38 4d 00 00 0f 5b 00 00 
213,接收,14:57:54.584.0,0x1c010100,数据帧,扩展帧,0x08,3a 86 00 00 0e ba 00 00 
214,接收,14:57:54.678.0,0x1c010200,数据帧,扩展帧,0x08,3b 86 00 28 0f 1c 00 00 
215,接收,14:57:55.584.0,0x1c010100,数据帧,扩展帧,0x08,3a 8a 00 00 0e b5 00 00 
216,接收,14:57:55.678.0,0x1c010200,数据帧,扩展帧,0x08,3a f8 00 28 0f 0b 00 00 
217,接收,14:57:56.583.0,0x1c010100,数据帧,扩展帧,0x08,36 9f 00 0a 0b 0b 00 00 
218,接收,14:57:56.676.0,0x1c010200,数据帧,扩展帧,0x08,3a b3 00 28 0f 09 00 00 
219,接收,14:57:57.597.0,0x1c010100,数据帧,扩展帧,0x08,2d 64 00 14 09 3b 00 00 
220,接收,14:57:57.675.0,0x1c010200,数据帧,扩展帧,0x08,3c 18 00 28 0f 29 00 00 
221,接收,14:57:58.595.0,0x1c010100,数据帧,扩展帧,0x08,25 22 00 1e 07 85 00 00 
222,接收,14:57:58.673.0,0x1c010200,数据帧,扩展帧,0x08,39 c3 00 28 0f 24 00 00 
223,接收,14:57:59.594.0,0x1c010100,数据帧,扩展帧,0x08,1d 89 00 3c 05 fa 00 00 
224,接收,14:57:59.672.0,0x1c010200,数据帧,扩展帧,0x08,3a ea 00 00 0f 9d 00 00 
225,接收,14:58:00.592.0,0x1c010100,数据帧,扩展帧,0x08,16 f9 00 5a 04 a6 00 00 
226,接收,14:58:00.686.0,0x1c010200,数据帧,扩展帧,0x08,3c 0c 00 00 0f 5a 00 00 
227,接收,14:58:01.590.0,0x1c010100,数据帧,扩展帧,0x08,3b 2e 00 14 0e 61 00 00 
228,接收,14:58:01.684.0,0x1c010200,数据帧,扩展帧,0x08,3b 45 00 00 0f d1 00 00 
229,接收,14:58:02.589.0,0x1c010100,数据帧,扩展帧,0x08,3a d5 00 00 0e ba 00 00 
230,接收,14:58:02.682.0,0x1c010200,数据帧,扩展帧,0x08,3a 37 00 00 0f b1 00 00 
231,接收,14:58:03.587.0,0x1c010100,数据帧,扩展帧,0x08,3a ea 00 00 0e 9d 00 00 
232,接收,14:58:03.681.0,0x1c010200,数据帧,扩展帧,0x08,38 66 00 00 0f 6e 00 00 
233,接收,14:58:04.586.0,0x1c010100,数据帧,扩展帧,0x08,3a be 00 00 0e b7 00 00 
234,接收,14:58:04.679.0,0x1c010200,数据帧,扩展帧,0x08,3c 16 00 00 0f 7b 00 00 
235,接收,14:58:05.584.0,0x1c010100,数据帧,扩展帧,0x08,3a 2d 00 00 0e ba 00 00 
236,接收,14:58:05.693.0,0x1c010200,数据帧,扩展帧,0x08,3a cf 00 14 0e d2 00 00 
237,接收,14:58:06.582.0,0x1c010100,数据帧,扩展帧,0x08,3a 34 00 00 0e bc 00 00 
238,接收,14:58:06.692.0,0x1c010200,数据帧,扩展帧,0x08,3b bc 00 00 0f b2 00 00 
239,接收,14:58:07.596.0,0x1c010100,数据帧,扩展帧,0x08,3a 37 00 00 0e b8 00 00 
240,接收,14:58:07.690.0,0x1c010200,数据帧,扩展帧,0x08,39 19 00 00 0f 7f 00 00 
241,接收,14:58:08.595.0,0x1c010100,数据帧,扩展帧,0x08,3a 72 00 00 0e bc 00 00 
242,接收,14:58:08.688.0,0x1c010200,数据帧,扩展帧,0x08,3c 02 00 00 0f 51 00 00 
243,接收,14:58:09.593.0,0x1c010100,数据帧,扩展帧,0x08,3a 84 00 00 0e bc 00 00 
244,接收,14:58:09.687.0,0x1c010200,数据帧,扩展帧,0x08,3c 10 00 00 0f 4d 00 00 
245,接收,14:58:10.592.0,0x1c010100,数据帧,扩展帧,0x08,3a 86 00 00 0e ba 00 00 
246,接收,14:58:10.685.0,0x1c010200,数据帧,扩展帧,0x08,38 92 00 00 0f 6e 00 00 
247,接收,14:58:11.590.0,0x1c010100,数据帧,扩展帧,0x08,3a 84 00 00 0e bc 00 00 
248,接收,14:58:11.699.0,0x1c010200,数据帧,扩展帧,0x08,3c 2c 00 28 0f 28 00 00 
249,接收,14:58:12.588.0,0x1c010100,数据帧,扩展帧,0x08,3a 84 00 00 0e bc 00 00 
250,接收,14:58:12.698.0,0x1c010200,数据帧,扩展帧,0x08,3b 13 00 28 0f 13 00 00 
251,接收,14:58:13.587.0,0x1c010100,数据帧,扩展帧,0x08,3a 7b 00 00 0e bc 00 00 
252,接收,14:58:13.696.0,0x1c010200,数据帧,扩展帧,0x08,3c 97 00 00 0f 65 00 00 
253,接收,14:58:14.585.0,0x1c010100,数据帧,扩展帧,0x08,3a 84 00 00 0e bc 00 00 
254,接收,14:58:14.694.0,0x1c010200,数据帧,扩展帧,0x08,3a 3a 00 00 0f a5 00 00 
255,接收,14:58:15.584.0,0x1c010100,数据帧,扩展帧,0x08,3a 7b 00 00 0e bc 00 00 
256,接收,14:58:15.693.0,0x1c010200,数据帧,扩展帧,0x08,3b 85 00 28 0f 14 00 00 
257,接收,14:58:16.598.0,0x1c010100,数据帧,扩展帧,0x08,3a 91 00 00 0e af 00 00 
258,接收,14:58:16.707.0,0x1c010200,数据帧,扩展帧,0x08,3a 9a 00 00 0f b9 00 00 
259,接收,14:58:17.596.0,0x1c010100,数据帧,扩展帧,0x08,3a 7d 00 00 0e ba 00 00 
260,接收,14:58:17.705.0,0x1c010200,数据帧,扩展帧,0x08,38 b1 00 00 0f 73 00 00 
261,接收,14:58:18.594.0,0x1c010100,数据帧,扩展帧,0x08,3a 87 00 00 0e b8 00 00 
262,接收,14:58:18.704.0,0x1c010200,数据帧,扩展帧,0x08,3c 0c 00 00 0f 2c 00 00 
263,接收,14:58:19.593.0,0x1c010100,数据帧,扩展帧,0x08,3a 86 00 00 0e ba 00 00 
264,接收,14:58:19.702.0,0x1c010200,数据帧,扩展帧,0x08,38 f8 00 00 0f 73 00 00 
265,接收,14:58:20.591.0,0x1c010100,数据帧,扩展帧,0x08,3a 86 00 00 0e ba 00 00 
266,接收,14:58:20.700.0,0x1c010200,数据帧,扩展帧,0x08,3a 43 00 00 0f a5 00 00 
267,接收,14:58:21.590.0,0x1c010100,数据帧,扩展帧,0x08,3a 86 00 00 0e ba 00 00 
268,接收,14:58:21.699.0,0x1c010200,数据帧,扩展帧,0x08,38 ad 00 00 0f 6e 00 00 
269,接收,14:58:22.590.0,0x1c010100,数据帧,扩展帧,0x08,3a 8c 00 00 0e b4 00 00 
270,接收,14:58:22.715.0,0x1c010200,数据帧,扩展帧,0x08,3c 67 00 00 0f 3d 00 00 
271,接收,14:58:23.589.0,0x1c010100,数据帧,扩展帧,0x08,3a 85 00 00 0e b2 00 00 
272,接收,14:58:23.713.0,0x1c010200,数据帧,扩展帧,0x08,3c 31 00 00 0f 3d 00 00 
273,接收,14:58:24.587.0,0x1c010100,数据帧,扩展帧,0x08,3a 2f 00 00 0e b8 00 00 
274,接收,14:58:24.712.0,0x1c010200,数据帧,扩展帧,0x08,38 f8 00 00 0f 8d 00 00 
275,接收,14:58:25.585.0,0x1c010100,数据帧,扩展帧,0x08,3a 37 00 00 0e b8 00 00 
276,接收,14:58:25.710.0,0x1c010200,数据帧,扩展帧,0x08,3a 72 00 00 0f a2 00 00 
277,接收,14:58:26.584.0,0x1c010100,数据帧,扩展帧,0x08,3a 40 00 00 0e b0 00 00 
278,接收,14:58:26.709.0,0x1c010200,数据帧,扩展帧,0x08,39 fc 00 28 0f 06 00 00 
279,接收,14:58:27.582.0,0x1c010100,数据帧,扩展帧,0x08,3a 2b 00 00 0e bc 00 00 
280,接收,14:58:27.707.0,0x1c010200,数据帧,扩展帧,0x08,3b e7 00 28 0f 2e 00 00 
281,接收,14:58:28.596.0,0x1c010100,数据帧,扩展帧,0x08,3a 23 00 00 0e bc 00 00 
282,接收,14:58:28.721.0,0x1c010200,数据帧,扩展帧,0x08,3b d4 00 28 0f 1e 00 00 
283,接收,14:58:29.595.0,0x1c010100,数据帧,扩展帧,0x08,3a 2d 00 00 0e ba 00 00 
284,接收,14:58:29.721.0,0x1c010200,数据帧,扩展帧,0x08,3a 8a 00 00 0f ad 00 00 
285,接收,14:58:30.595.0,0x1c010100,数据帧,扩展帧,0x08,3a 36 00 00 0e ba 00 00 
286,接收,14:58:30.720.0,0x1c010200,数据帧,扩展帧,0x08,38 97 00 00 0f 58 00 00 
287,接收,14:58:31.593.0,0x1c010100,数据帧,扩展帧,0x08,3a 2d 00 00 0e ba 00 00 
288,接收,14:58:31.718.0,0x1c010200,数据帧,扩展帧,0x08,3a d2 00 00 0f a4 00 00 
289,接收,14:58:32.592.0,0x1c010100,数据帧,扩展帧,0x08,3a 34 00 00 0e bc 00 00 
290,接收,14:58:32.717.0,0x1c010200,数据帧,扩展帧,0x08,37 d6 00 00 0f 45 00 00 
291,接收,14:58:33.590.0,0x1c010100,数据帧,扩展帧,0x08,3a 7e 00 00 0e b8 00 00 
292,接收,14:58:33.715.0,0x1c010200,数据帧,扩展帧,0x08,39 2e 00 00 0f 83 00 00 
293,接收,14:58:34.589.0,0x1c010100,数据帧,扩展帧,0x08,3a 87 00 00 0e b8 00 00 
294,接收,14:58:34.729.0,0x1c010200,数据帧,扩展帧,0x08,38 33 00 28 0f 1c 00 00 
295,接收,14:58:35.587.0,0x1c010100,数据帧,扩展帧,0x08,3a 80 00 00 0e b7 00 00 
296,接收,14:58:35.727.0,0x1c010200,数据帧,扩展帧,0x08,3b c3 00 28 0f 26 00 00 
297,接收,14:58:36.585.0,0x1c010100,数据帧,扩展帧,0x08,3a 82 00 00 0e b5 00 00 
298,接收,14:58:36.726.0,0x1c010200,数据帧,扩展帧,0x08,38 b8 00 28 0f 2e 00 00 
299,接收,14:58:37.584.0,0x1c010100,数据帧,扩展帧,0x08,3a 7b 00 00 0e bc 00 00 
300,接收,14:58:37.724.0,0x1c010200,数据帧,扩展帧,0x08,39 3f 00 28 0e e6 00 00 
301,接收,14:58:38.582.0,0x1c010100,数据帧,扩展帧,0x08,3a 87 00 00 0e b8 00 00 
302,接收,14:58:38.723.0,0x1c010200,数据帧,扩展帧,0x08,3a aa 00 00 0f a8 00 00 
303,接收,14:58:39.581.0,0x1c010100,数据帧,扩展帧,0x08,3a 7b 00 00 0e bc 00 00 
304,接收,14:58:39.737.0,0x1c010200,数据帧,扩展帧,0x08,39 04 00 28 0f 06 00 00 
305,接收,14:58:40.579.0,0x1c010100,数据帧,扩展帧,0x08,3a 84 00 00 0e bc 00 00 
306,接收,14:58:40.735.0,0x1c010200,数据帧,扩展帧,0x08,38 c6 00 28 0f 29 00 00 
307,接收,14:58:41.577.0,0x1c010100,数据帧,扩展帧,0x08,3a 84 00 00 0e bc 00 00 
308,接收,14:58:41.733.0,0x1c010200,数据帧,扩展帧,0x08,3b 26 00 28 0f 1b 00 00 
309,接收,14:58:42.591.0,0x1c010100,数据帧,扩展帧,0x08,3a 94 00 00 0e ac 00 00 
310,接收,14:58:42.732.0,0x1c010200,数据帧,扩展帧,0x08,3b 0c 00 28 0e ff 00 00 
311,接收,14:58:43.590.0,0x1c010100,数据帧,扩展帧,0x08,3a 83 00 00 0e b4 00 00 
312,接收,14:58:43.730.0,0x1c010200,数据帧,扩展帧,0x08,3c 01 00 00 0f 38 00 00 
313,接收,14:58:44.588.0,0x1c010100,数据帧,扩展帧,0x08,3a 93 00 00 0e b5 00 00 
314,接收,14:58:44.729.0,0x1c010200,数据帧,扩展帧,0x08,39 94 00 00 0f 77 00 00 
315,接收,14:58:45.587.0,0x1c010100,数据帧,扩展帧,0x08,3a 7b 00 00 0e bc 00 00 
316,接收,14:58:45.743.0,0x1c010200,数据帧,扩展帧,0x08,39 a9 00 28 0f 1b 00 00 
317,接收,14:58:46.585.0,0x1c010100,数据帧,扩展帧,0x08,3a 82 00 00 0e b5 00 00 
318,接收,14:58:46.741.0,0x1c010200,数据帧,扩展帧,0x08,3b ff 00 00 0f 43 00 00 
319,接收,14:58:47.583.0,0x1c010100,数据帧,扩展帧,0x08,3a 7d 00 00 0e ba 00 00 
320,接收,14:58:47.739.0,0x1c010200,数据帧,扩展帧,0x08,38 a6 00 00 0f 51 00 00 
321,接收,14:58:48.585.0,0x1c010100,数据帧,扩展帧,0x08,3a 7d 00 00 0e ba 00 00 
322,接收,14:58:48.741.0,0x1c010200,数据帧,扩展帧,0x08,3a 8a 00 00 0f b7 00 00 
323,接收,14:58:49.583.0,0x1c010100,数据帧,扩展帧,0x08,3a 86 00 00 0e ba 00 00 
324,接收,14:58:49.739.0,0x1c010200,数据帧,扩展帧,0x08,38 4e 00 00 0f 51 00 00 
325,接收,14:58:50.582.0,0x1c010100,数据帧,扩展帧,0x08,3a 7b 00 00 0e bc 00 00 
326,接收,14:58:50.738.0,0x1c010200,数据帧,扩展帧,0x08,3c 25 00 00 0f 40 00 00 
327,接收,14:58:51.580.0,0x1c010100,数据帧,扩展帧,0x08,3a 86 00 00 0e ba 00 00 
328,接收,14:58:51.752.0,0x1c010200,数据帧,扩展帧,0x08,39 78 00 00 0f ad 00 00 
329,接收,14:58:52.578.0,0x1c010100,数据帧,扩展帧,0x08,3a 84 00 00 0e bc 00 00 
330,接收,14:58:52.750.0,0x1c010200,数据帧,扩展帧,0x08,3a 56 00 28 0f 04 00 00 
331,接收,14:58:53.577.0,0x1c010100,数据帧,扩展帧,0x08,3a 84 00 00 0e bc 00 00 
332,接收,14:58:53.748.0,0x1c010200,数据帧,扩展帧,0x08,39 b2 00 28 0f 1b 00 00 
333,接收,14:58:54.578.0,0x1c010100,数据帧,扩展帧,0x08,3a 7b 00 00 0e bc 00 00 
334,接收,14:58:54.750.0,0x1c010200,数据帧,扩展帧,0x08,3c 46 00 00 0f 92 00 00 
335,接收,14:58:55.577.0,0x1c010100,数据帧,扩展帧,0x08,3a 86 00 00 0e ba 00 00 
336,接收,14:58:55.748.0,0x1c010200,数据帧,扩展帧,0x08,3b 07 00 00 0f 9c 00 00 
337,接收,14:58:56.577.0,0x1c010100,数据帧,扩展帧,0x08,3a 84 00 00 0e bc 00 00 
338,接收,14:58:56.749.0,0x1c010200,数据帧,扩展帧,0x08,38 a9 00 00 0f 46 00 00 
339,接收,14:58:57.575.0,0x1c010100,数据帧,扩展帧,0x08,3a 85 00 00 0e b2 00 00 
340,接收,14:58:57.747.0,0x1c010200,数据帧,扩展帧,0x08,3c 3f 00 00 0f 49 00 00 
341,接收,14:58:58.589.0,0x1c010100,数据帧,扩展帧,0x08,3a 7b 00 00 0e bc 00 00 
342,接收,14:58:58.761.0,0x1c010200,数据帧,扩展帧,0x08,39 33 00 00 0f 7f 00 00 
343,接收,14:58:59.588.0,0x1c010100,数据帧,扩展帧,0x08,3a 84 00 00 0e bc 00 00 
344,接收,14:58:59.759.0,0x1c010200,数据帧,扩展帧,0x08,3a 7a 00 00 0f a4 00 00 
345,接收,14:59:00.577.0,0x1c010100,数据帧,扩展帧,0x08,3a 86 00 00 0e ba 00 00 
346,接收,14:59:00.764.0,0x1c010200,数据帧,扩展帧,0x08,39 c1 00 00 0f a2 00 00 
347,接收,14:59:01.575.0,0x1c010100,数据帧,扩展帧,0x08,3a 84 00 00 0e bc 00 00 
348,接收,14:59:01.762.0,0x1c010200,数据帧,扩展帧,0x08,3b ee 00 00 0f 28 00 00 
349,接收,14:59:02.573.0,0x1c010100,数据帧,扩展帧,0x08,3a 7d 00 00 0e ba 00 00 
350,接收,14:59:02.761.0,0x1c010200,数据帧,扩展帧,0x08,3c 6e 00 00 0f 50 00 00 
351,接收,14:59:03.572.0,0x1c010100,数据帧,扩展帧,0x08,3a 7b 00 00 0e bc 00 00 
352,接收,14:59:03.759.0,0x1c010200,数据帧,扩展帧,0x08,3c 84 00 00 0f 55 00 00 
353,接收,14:59:04.584.0,0x1c010100,数据帧,扩展帧,0x08,3a 84 00 00 0e bc 00 00 
354,接收,14:59:04.756.0,0x1c010200,数据帧,扩展帧,0x08,3c 26 00 00 0f 36 00 00 
355,接收,14:59:05.583.0,0x1c010100,数据帧,扩展帧,0x08,3a 7e 00 00 0e b8 00 00 
356,接收,14:59:05.770.0,0x1c010200,数据帧,扩展帧,0x08,38 a6 00 00 0f 63 00 00 
357,接收,14:59:06.581.0,0x1c010100,数据帧,扩展帧,0x08,3a 84 00 00 0e bc 00 00 
358,接收,14:59:06.768.0,0x1c010200,数据帧,扩展帧,0x08,3b e5 00 28 0f 28 00 00 
359,接收,14:59:07.579.0,0x1c010100,数据帧,扩展帧,0x08,3a 8c 00 00 0e b4 00 00 
360,接收,14:59:07.767.0,0x1c010200,数据帧,扩展帧,0x08,3b d2 00 28 0f 29 00 00 
361,接收,14:59:08.578.0,0x1c010100,数据帧,扩展帧,0x08,3a 86 00 00 0e ba 00 00 
362,接收,14:59:08.765.0,0x1c010200,数据帧,扩展帧,0x08,39 05 00 00 0f 8a 00 00 
363,接收,14:59:09.579.0,0x1c010100,数据帧,扩展帧,0x08,3a 7e 00 00 0e b8 00 00 
364,接收,14:59:09.766.0,0x1c010200,数据帧,扩展帧,0x08,3c 84 00 00 0f 28 00 00 
365,接收,14:59:10.578.0,0x1c010100,数据帧,扩展帧,0x08,3a 84 00 00 0e bc 00 00 
366,接收,14:59:10.765.0,0x1c010200,数据帧,扩展帧,0x08,39 92 00 00 0f 78 00 00 
367,接收,14:59:11.576.0,0x1c010100,数据帧,扩展帧,0x08,3a 82 00 00 0e bd 00 00 
368,接收,14:59:11.763.0,0x1c010200,数据帧,扩展帧,0x08,38 91 00 28 0f 3b 00 00 
369,接收,14:59:12.574.0,0x1c010100,数据帧,扩展帧,0x08,3a 7b 00 00 0e bc 00 00 
370,接收,14:59:12.777.0,0x1c010200,数据帧,扩展帧,0x08,37 ef 00 00 0f 3d 00 00 
371,接收,14:59:13.573.0,0x1c010100,数据帧,扩展帧,0x08,3a 7b 00 00 0e bc 00 00 
372,接收,14:59:13.776.0,0x1c010200,数据帧,扩展帧,0x08,3b 1c 00 28 0f 13 00 00 
373,接收,14:59:14.571.0,0x1c010100,数据帧,扩展帧,0x08,3a 84 00 00 0e bc 00 00 
374,接收,14:59:14.774.0,0x1c010200,数据帧,扩展帧,0x08,39 5e 00 28 0f 16 00 00 
375,接收,14:59:15.585.0,0x1c010100,数据帧,扩展帧,0x08,3a 7d 00 00 0e ba 00 00 
376,接收,14:59:15.772.0,0x1c010200,数据帧,扩展帧,0x08,39 48 00 28 0f 34 00 00 
377,接收,14:59:16.584.0,0x1c010100,数据帧,扩展帧,0x08,3a 7d 00 00 0e ba 00 00 
378,接收,14:59:16.771.0,0x1c010200,数据帧,扩展帧,0x08,3c 7a 00 00 0f 4d 00 00 
379,接收,14:59:17.582.0,0x1c010100,数据帧,扩展帧,0x08,3a 69 00 00 0e bc 00 00 
380,接收,14:59:17.785.0,0x1c010200,数据帧,扩展帧,0x08,39 e2 00 00 0f 9c 00 00 
381,接收,14:59:18.580.0,0x1c010100,数据帧,扩展帧,0x08,3a 87 00 00 0e b8 00 00 
382,接收,14:59:18.783.0,0x1c010200,数据帧,扩展帧,0x08,3b 48 00 28 0f 2e 00 00 
383,接收,14:59:19.579.0,0x1c010100,数据帧,扩展帧,0x08,3a 8d 00 00 0e bc 00 00 
384,接收,14:59:19.782.0,0x1c010200,数据帧,扩展帧,0x08,3c 16 00 00 0f 6a 00 00 
385,接收,14:59:20.577.0,0x1c010100,数据帧,扩展帧,0x08,3a 7b 00 00 0e bc 00 00 
386,接收,14:59:20.780.0,0x1c010200,数据帧,扩展帧,0x08,3a 59 00 28 0f 01 00 00 
387,接收,14:59:21.576.0,0x1c010100,数据帧,扩展帧,0x08,3a 82 00 00 0e bd 00 00 
388,接收,14:59:21.778.0,0x1c010200,数据帧,扩展帧,0x08,39 c1 00 28 0f 14 00 00 
389,接收,14:59:22.574.0,0x1c010100,数据帧,扩展帧,0x08,3a 8a 00 00 0e b5 00 00 
390,接收,14:59:22.777.0,0x1c010200,数据帧,扩展帧,0x08,3c 62 00 00 0f 53 00 00 
391,接收,14:59:23.572.0,0x1c010100,数据帧,扩展帧,0x08,3a 84 00 00 0e bc 00 00 
392,接收,14:59:23.791.0,0x1c010200,数据帧,扩展帧,0x08,38 af 00 28 0f 2e 00 00 
393,接收,14:59:24.571.0,0x1c010100,数据帧,扩展帧,0x08,3a 84 00 00 0e bc 00 00 
394,接收,14:59:24.789.0,0x1c010200,数据帧,扩展帧,0x08,3b 66 00 28 0f 33 00 00 
395,接收,14:59:25.569.0,0x1c010100,数据帧,扩展帧,0x08,3a 89 00 00 0e b7 00 00 
396,接收,14:59:25.788.0,0x1c010200,数据帧,扩展帧,0x08,3b de 00 00 0f 5b 00 00 
397,接收,14:59:26.568.0,0x1c010100,数据帧,扩展帧,0x08,3a 84 00 00 0e bc 00 00 
398,接收,14:59:26.786.0,0x1c010200,数据帧,扩展帧,0x08,3c 6c 00 00 0f 51 00 00 
399,接收,14:59:27.582.0,0x1c010100,数据帧,扩展帧,0x08,3a 7b 00 00 0e bc 00 00 
400,接收,14:59:27.784.0,0x1c010200,数据帧,扩展帧,0x08,39 3b 00 00 0f 6e 00 00 
401,接收,14:59:28.580.0,0x1c010100,数据帧,扩展帧,0x08,3a 7d 00 00 0e ba 00 00 
402,接收,14:59:28.783.0,0x1c010200,数据帧,扩展帧,0x08,39 26 00 00 0f 72 00 00 
