EnSend,帧类型,帧格式,帧ID,数据(HEX)
0,1,0,  1814FF00,00 B2 C3 D4 E5 F6 11 01 
0,1,0,  1814FF00,FF 41 4D 45 
0,1,0,  1813FF00,03 01 33 34 35 36 37 38 
0,1,0,  1016FF00,AA B2 C3 D4 E5 F6 11 00 
0,1,0,  1011FF00,00 01 02 03 04 05 06 07 
0,1,0,  1011FF00,AA 01 02 03 04 05 06 07 
0,1,0,  1814FF00,00 01 02 03 04 05 06 07 
0,1,0,  1814FF00,CC 01 02 03 04 05 06 07 
0,1,0,  1812FF00,04 01 02 03 04 05 06 07 
0,1,0,  1015FF00,AA 01 02 03 04 05 06 07 
1,1,0,  1010FF00,00 01 02 03 04 05 06 07 
1,1,0,  1010FF00,AA 01 02 03 04 05 06 07 
0,0,0,  00000000,00 01 02 03 04 05 06 07 
0,0,0,  00000000,00 01 02 03 04 05 06 07 
0,0,0,  00000000,00 01 02 03 04 05 06 07 
0,0,0,  00000000,00 01 02 03 04 05 06 07 
0,0,0,  00000000,00 01 02 03 04 05 06 07 
0,0,0,  00000000,00 01 02 03 04 05 06 07 
0,0,0,  00000000,00 01 02 03 04 05 06 07 
0,0,0,  00000000,00 01 02 03 04 05 06 07 
0,0,0,  00000000,00 01 02 03 04 05 06 07 
0,0,0,  00000000,00 01 02 03 04 05 06 07 
0,0,0,  00000000,00 01 02 03 04 05 06 07 
0,0,0,  00000000,00 01 02 03 04 05 06 07 
0,0,0,  00000000,00 01 02 03 04 05 06 07 
0,0,0,  00000000,00 01 02 03 04 05 06 07 
0,0,0,  00000000,00 01 02 03 04 05 06 07 
0,0,0,  00000000,00 01 02 03 04 05 06 07 
0,0,0,  00000000,00 01 02 03 04 05 06 07 
0,0,0,  00000000,00 01 02 03 04 05 06 07 
0,0,0,  00000000,00 01 02 03 04 05 06 07 
0,0,0,  00000000,00 01 02 03 04 05 06 07 
0,0,0,  00000000,00 01 02 03 04 05 06 07 
0,0,0,  00000000,00 01 02 03 04 05 06 07 
0,0,0,  00000000,00 01 02 03 04 05 06 07 
0,0,0,  00000000,00 01 02 03 04 05 06 07 
0,0,0,  00000000,00 01 02 03 04 05 06 07 
0,0,0,  00000000,00 01 02 03 04 05 06 07 
0,0,0,  00000000,00 01 02 03 04 05 06 07 
0,0,0,  00000000,00 01 02 03 04 05 06 07 
0,0,0,  00000000,00 01 02 03 04 05 06 07 
0,0,0,  00000000,00 01 02 03 04 05 06 07 
0,0,0,  00000000,00 01 02 03 04 05 06 07 
0,0,0,  00000000,00 01 02 03 04 05 06 07 
0,0,0,  00000000,00 01 02 03 04 05 06 07 
0,0,0,  00000000,00 01 02 03 04 05 06 07 
0,0,0,  00000000,00 01 02 03 04 05 06 07 
0,0,0,  00000000,00 01 02 03 04 05 06 07 
0,0,0,  00000000,00 01 02 03 04 05 06 07 
0,0,0,  00000000,00 01 02 03 04 05 06 07 
0,0,0,  00000000,00 01 02 03 04 05 06 07 
0,0,0,  00000000,00 01 02 03 04 05 06 07 
0,0,0,  00000000,00 01 02 03 04 05 06 07 
0,0,0,  00000000,00 01 02 03 04 05 06 07 
0,0,0,  00000000,00 01 02 03 04 05 06 07 
0,0,0,  00000000,00 01 02 03 04 05 06 07 
0,0,0,  00000000,00 01 02 03 04 05 06 07 
0,0,0,  00000000,00 01 02 03 04 05 06 07 
0,0,0,  00000000,00 01 02 03 04 05 06 07 
0,0,0,  00000000,00 01 02 03 04 05 06 07 
0,0,0,  00000000,00 01 02 03 04 05 06 07 
0,0,0,  00000000,00 01 02 03 04 05 06 07 
0,0,0,  00000000,00 01 02 03 04 05 06 07 
0,0,0,  00000000,00 01 02 03 04 05 06 07 
0,0,0,  00000000,00 01 02 03 04 05 06 07 
0,0,0,  00000000,00 01 02 03 04 05 06 07 
0,0,0,  00000000,00 01 02 03 04 05 06 07 
0,0,0,  00000000,00 01 02 03 04 05 06 07 
0,0,0,  00000000,00 01 02 03 04 05 06 07 
0,0,0,  00000000,00 01 02 03 04 05 06 07 
0,0,0,  00000000,00 01 02 03 04 05 06 07 
0,0,0,  00000000,00 01 02 03 04 05 06 07 
0,0,0,  00000000,00 01 02 03 04 05 06 07 
0,0,0,  00000000,00 01 02 03 04 05 06 07 
0,0,0,  00000000,00 01 02 03 04 05 06 07 
0,0,0,  00000000,00 01 02 03 04 05 06 07 
0,0,0,  00000000,00 01 02 03 04 05 06 07 
0,0,0,  00000000,00 01 02 03 04 05 06 07 
0,0,0,  00000000,00 01 02 03 04 05 06 07 
0,0,0,  00000000,00 01 02 03 04 05 06 07 
0,0,0,  00000000,00 01 02 03 04 05 06 07 
0,0,0,  00000000,00 01 02 03 04 05 06 07 
0,0,0,  00000000,00 01 02 03 04 05 06 07 
0,0,0,  00000000,00 01 02 03 04 05 06 07 
0,0,0,  00000000,00 01 02 03 04 05 06 07 
0,0,0,  00000000,00 01 02 03 04 05 06 07 
0,0,0,  00000000,00 01 02 03 04 05 06 07 
0,0,0,  00000000,00 01 02 03 04 05 06 07 
0,0,0,  00000000,00 01 02 03 04 05 06 07 
0,0,0,  00000000,00 01 02 03 04 05 06 07 
0,0,0,  00000000,00 01 02 03 04 05 06 07 
0,0,0,  00000000,00 01 02 03 04 05 06 07 
0,0,0,  00000000,00 01 02 03 04 05 06 07 
0,0,0,  00000000,00 01 02 03 04 05 06 07 
0,0,0,  00000000,00 01 02 03 04 05 06 07 
0,0,0,  00000000,00 01 02 03 04 05 06 07 
0,0,0,  00000000,00 01 02 03 04 05 06 07 
0,0,0,  00000000,00 01 02 03 04 05 06 07 
0,0,0,  00000000,00 01 02 03 04 05 06 07 
0,0,0,  00000000,00 01 02 03 04 05 06 07 
